Qty,Value,Refs,Lib
1,"Campo IN1","J3",Connector_Generic:Conn_01x02
1,"Campo IN2","J4",Connector_Generic:Conn_01x02
1,"PSU 5V 5A","J1",Connector_Generic:Conn_01x02
1,"RS485 A/B","J11",Connector_Generic:Conn_01x02
1,"Campo OUT","J5",Connector_Generic:Conn_01x04
1,"Enlace 5V A","J7",Connector_Generic:Conn_01x04
1,"Enlace 5V B","J8",Connector_Generic:Conn_01x04
1,"Panel 6 pin","J6",Connector_Generic:Conn_01x06
1,"Enlace sig A","J9",Connector_Generic:Conn_01x08
1,"Enlace sig B","J10",Connector_Generic:Conn_01x08
1,"Gel 6V 7Ah NP7-6","BT1",Device:Battery
7,"100n","C3 C9 C10 C11 C12 C13 C14",Device:C
1,"2.2uF","C18",Device:C
1,"1000uF/16V","C2",Device:C_Polarized
1,"10uF","C15",Device:C_Polarized
1,"2200uF/16V","C1",Device:C_Polarized
1,"47uF/16V","C17",Device:C_Polarized
1,"1N4148","D8",Device:D
1,"5A 5x20","F1",Device:Fuse
1,"LED ALARMA","D7",Device:LED
1,"LED GRN PWR","D2",Device:LED
1,"LED LTE","D9",Device:LED
1,"LED NET","D6",Device:LED
3,"2N3904","Q_BZ Q_DONE Q_EN",Device:Q_NPN
1,"NDP6020P","Q1",Device:Q_PMOS
5,"100k","R3 R4 R9 R18 R25",Device:R
9,"10k","R1 R2 R10 R21 R27 R28 R29 R30 R34",Device:R
1,"15k","R35",Device:R
5,"1k","R19 R23 R32 R33 R36",Device:R
1,"22k","R7",Device:R
4,"330R","R5 R16 R17 R26",Device:R
1,"47k","R6",Device:R
3,"4k7","R13 R14 R15",Device:R
1,"57.6k","R8",Device:R
1,"A7672SA-FASE","U6",Module:A7672
1,"XL6019","U2",Module:BUCKBOOST
1,"Buzzer 5V activo","LS1",Module:BUZZER
1,"DS18B20 x4","U9",Module:DS18B20
1,"FT232","U15",Module:FT232
1,"74HCT123","U4",Module:HCT123
1,"LM66200","U14",Module:LM66200
1,"OLED 0x3C","U7",Module:OLED
1,"PC817 2CH","U12",Module:PC817_2CH
1,"PCF8575","U11",Module:PCF8575
1,"2-relay opto","K1",Module:RELAY2_OPTO
1,"RS485 auto","U16",Module:RS485
1,"SHT31 0x44","U8",Module:SHT31
1,"TPL5010","U3",Module:TPL5010
1,"Water det","U17",Module:WATER_DET
1,"WT32-ETH01","U5",Module:WT32
1,"XY-SJVA 6.85V/0.6A","U1",Module:XY_SJVA
1,"ZMPT101B","U10",Module:ZMPT
1,"BOOT IO0","SW_BOOT",Switch:SW_Push
1,"EN reset","SW_EN",Switch:SW_Push
1,"RESET gabinete","SW1",Switch:SW_Push
1,"Servicio P02","SW2",Switch:SW_Push
